Neighborhood,Address
Allston,"""123 Harvard Avenue, Boston, MA 02134"""
Back Bay,"""500 Boylston Street, Boston, MA 02116"""
Bay Village,"""15 Fayette Street, Boston, MA 02116"""
Beacon Hill,"""21 Charles Street, Boston, MA 02114"""
Brighton,"""370 Washington Street, Boston, MA 02135"""
Charlestown,"""1 Monument Square, Boston, MA 02129"""
Chinatown–Leather District,"""66 Harrison Avenue, Boston, MA 02111"""
Dorchester,"""1450 Dorchester Avenue, Boston, MA 02122"""
Downtown,"""1 Washington Mall, Boston, MA 02108"""
East Boston,"""946 Bennington Street, Boston, MA 02128"""
Fenway–Kenmore,"""4 Yawkey Way, Boston, MA 02215"""
Hyde Park,"""1179 River Street, Boston, MA 02136"""
Jamaica Plain,"""403 Centre Street, Boston, MA 02130"""
Mattapan,"""1575 Blue Hill Avenue, Boston, MA 02126"""
Mission Hill,"""1575 Tremont Street, Boston, MA 02120"""
North End,"""226 Hanover Street, Boston, MA 02113"""
Roslindale,"""4195 Washington Street, Boston, MA 02131"""
Roxbury,"""2101 Washington Street, Boston, MA 02119"""
South Boston,"""200 Seaport Boulevard, Boston, MA 02210"""
South End,"""541 Tremont Street, Boston, MA 02116"""
West End,"""100 Blossom Street, Boston, MA 02114"""
West Roxbury,"""1885 Centre Street, Boston, MA 02132"""
Seaport District,"""1 Seaport Lane, Boston, MA 02210"""
Longwood Medical Area,"""75 Francis Street, Boston, MA 02115"""
Kenmore Square,"""645 Beacon Street, Boston, MA 02215"""
Allston,"""85 Brighton Avenue, Boston, MA 02134"""
Back Bay,"""800 Boylston Street, Boston, MA 02199"""
Bay Village,"""10 Church Street, Boston, MA 02116"""
Beacon Hill,"""45 Beacon Street, Boston, MA 02108"""
Brighton,"""1500 Commonwealth Avenue, Boston, MA 02135"""
Charlestown,"""55 Constitution Road, Boston, MA 02129"""
Chinatown–Leather District,"""88 Kneeland Street, Boston, MA 02111"""
Dorchester,"""1100 Washington Street, Boston, MA 02124"""
Downtown,"""100 Federal Street, Boston, MA 02110"""
East Boston,"""20 Maverick Square, Boston, MA 02128"""
Fenway–Kenmore,"""70 Brookline Avenue, Boston, MA 02215"""
Hyde Park,"""1250 Hyde Park Avenue, Boston, MA 02136"""
Jamaica Plain,"""500 Centre Street, Boston, MA 02130"""
Mattapan,"""1200 Blue Hill Avenue, Boston, MA 02126"""
Mission Hill,"""800 Huntington Avenue, Boston, MA 02115"""
North End,"""300 Hanover Street, Boston, MA 02113"""
Roslindale,"""4500 Washington Street, Boston, MA 02131"""
Roxbury,"""2200 Washington Street, Boston, MA 02119"""
South Boston,"""250 Northern Avenue, Boston, MA 02210"""
South End,"""600 Tremont Street, Boston, MA 02118"""
West End,"""120 Staniford Street, Boston, MA 02114"""
West Roxbury,"""2000 Centre Street, Boston, MA 02132"""
Seaport District,"""5 Fan Pier Boulevard, Boston, MA 02210"""
Longwood Medical Area,"""99 Brookline Avenue, Boston, MA 02215"""
Kenmore Square,"""700 Commonwealth Avenue, Boston, MA 02215"""
Allston,"""90 Cambridge Street, Boston, MA 02134"""
Back Bay,"""600 Newbury Street, Boston, MA 02116"""
Bay Village,"""20 Piedmont Street, Boston, MA 02116"""
Beacon Hill,"""50 Mount Vernon Street, Boston, MA 02108"""
Brighton,"""1600 Commonwealth Avenue, Boston, MA 02135"""
Charlestown,"""60 Chelsea Street, Boston, MA 02129"""
Chinatown–Leather District,"""100 Tyler Street, Boston, MA 02111"""
Dorchester,"""1200 Dorchester Avenue, Boston, MA 02122"""
Downtown,"""200 Washington Street, Boston, MA 02108"""
East Boston,"""30 Chelsea Street, Boston, MA 02128"""
Fenway–Kenmore,"""80 Fenway, Boston, MA 02215"""
Hyde Park,"""1300 River Street, Boston, MA 02136"""
Jamaica Plain,"""600 Centre Street, Boston, MA 02130"""
Mattapan,"""1300 Blue Hill Avenue, Boston, MA 02126"""
Mission Hill,"""900 Tremont Street, Boston, MA 02120"""
North End,"""400 Hanover Street, Boston, MA 02113"""
Roslindale,"""4700 Washington Street, Boston, MA 02131"""
Roxbury,"""2300 Washington Street, Boston, MA 02119"""
South Boston,"""300 Seaport Boulevard, Boston, MA 02210"""
South End,"""650 Tremont Street, Boston, MA 02116"""
West End,"""140 Blossom Street, Boston, MA 02114"""
West Roxbury,"""2100 Centre Street, Boston, MA 02132"""
Seaport District,"""10 Seaport Lane, Boston, MA 02210"""
Longwood Medical Area,"""105 Francis Street, Boston, MA 02115"""
Kenmore Square,"""750 Beacon Street, Boston, MA 02215"""
Allston,"""95 Harvard Avenue, Boston, MA 02134"""
Back Bay,"""850 Boylston Street, Boston, MA 02199"""
Bay Village,"""25 Church Street, Boston, MA 02116"""
Beacon Hill,"""55 Beacon Street, Boston, MA 02108"""
Brighton,"""1700 Commonwealth Avenue, Boston, MA 02135"""
Charlestown,"""65 Constitution Road, Boston, MA 02129"""
Chinatown–Leather District,"""110 Kneeland Street, Boston, MA 02111"""
Dorchester,"""1250 Washington Street, Boston, MA 02124"""
Downtown,"""250 Federal Street, Boston, MA 02110"""
East Boston,"""35 Maverick Square, Boston, MA 02128"""
Fenway–Kenmore,"""90 Brookline Avenue, Boston, MA 02215"""
Hyde Park,"""1350 Hyde Park Avenue, Boston, MA 02136"""
Jamaica Plain,"""550 Centre Street, Boston, MA 02130"""
Mattapan,"""1250 Blue Hill Avenue, Boston, MA 02126"""
Mission Hill,"""850 Huntington Avenue, Boston, MA 02115"""
North End,"""350 Hanover Street, Boston, MA 02113"""
Roslindale,"""4600 Washington Street, Boston, MA 02131"""
Roxbury,"""2250 Washington Street, Boston, MA 02119"""
South Boston,"""275 Northern Avenue, Boston, MA 02210"""
South End,"""620 Tremont Street, Boston, MA 02118"""
West End,"""130 Staniford Street, Boston, MA 02114"""
West Roxbury,"""1950 Centre Street, Boston, MA 02132"""
Seaport District,"""15 Fan Pier Boulevard, Boston, MA 02210"""
Longwood Medical Area,"""110 Brookline Avenue, Boston, MA 02215"""
Kenmore Square,"""725 Commonwealth Avenue, Boston, MA 02215"""
